template,id,prompt,correct_answer
enhanced_long_form_explanation,21,Explain why increasing sample size reduces random error but not measurement bias.,"Larger samples reduce random variability, but systematic measurement error remains biased unless the measurement process changes."
enhanced_long_form_explanation,22,Explain the common misconception behind the statement that increasing sample size reduces random error but not measurement bias.,"Larger samples reduce random variability, but systematic measurement error remains biased unless the measurement process changes."
enhanced_long_form_explanation,23,"Give a multi-sentence explanation of why increasing sample size reduces random error but not measurement bias, including the key limitation.","Larger samples reduce random variability, but systematic measurement error remains biased unless the measurement process changes."
enhanced_long_form_explanation,24,A student claims the opposite of this idea: increasing sample size reduces random error but not measurement bias. Explain why the student's claim is wrong.,"Larger samples reduce random variability, but systematic measurement error remains biased unless the measurement process changes."
enhanced_long_form_explanation,25,Explain why antibiotics often work against bacteria but not viruses.,"Antibiotics target bacterial structures or processes, while viruses replicate inside host cells and lack many antibiotic targets."
enhanced_long_form_explanation,26,Explain the common misconception behind the statement that antibiotics often work against bacteria but not viruses.,"Antibiotics target bacterial structures or processes, while viruses replicate inside host cells and lack many antibiotic targets."
enhanced_long_form_explanation,27,"Give a multi-sentence explanation of why antibiotics often work against bacteria but not viruses, including the key limitation.","Antibiotics target bacterial structures or processes, while viruses replicate inside host cells and lack many antibiotic targets."
enhanced_long_form_explanation,28,A student claims the opposite of this idea: antibiotics often work against bacteria but not viruses. Explain why the student's claim is wrong.,"Antibiotics target bacterial structures or processes, while viruses replicate inside host cells and lack many antibiotic targets."
enhanced_long_form_explanation,29,Explain why a low p-value does not prove a hypothesis is true.,"A low p-value indicates data would be unlikely under the null model, but it does not prove the alternative or rule out bias and confounding."
enhanced_long_form_explanation,30,Explain the common misconception behind the statement that a low p-value does not prove a hypothesis is true.,"A low p-value indicates data would be unlikely under the null model, but it does not prove the alternative or rule out bias and confounding."
enhanced_long_form_explanation,31,"Give a multi-sentence explanation of why a low p-value does not prove a hypothesis is true, including the key limitation.","A low p-value indicates data would be unlikely under the null model, but it does not prove the alternative or rule out bias and confounding."
enhanced_long_form_explanation,32,A student claims the opposite of this idea: a low p-value does not prove a hypothesis is true. Explain why the student's claim is wrong.,"A low p-value indicates data would be unlikely under the null model, but it does not prove the alternative or rule out bias and confounding."
enhanced_long_form_explanation,33,Explain why a single cold day does not disprove climate warming.,"A cold day is short-term weather, while climate change concerns long-term patterns in average conditions and energy balance."
enhanced_long_form_explanation,34,Explain the common misconception behind the statement that a single cold day does not disprove climate warming.,"A cold day is short-term weather, while climate change concerns long-term patterns in average conditions and energy balance."
enhanced_long_form_explanation,35,"Give a multi-sentence explanation of why a single cold day does not disprove climate warming, including the key limitation.","A cold day is short-term weather, while climate change concerns long-term patterns in average conditions and energy balance."
enhanced_long_form_explanation,36,A student claims the opposite of this idea: a single cold day does not disprove climate warming. Explain why the student's claim is wrong.,"A cold day is short-term weather, while climate change concerns long-term patterns in average conditions and energy balance."
enhanced_long_form_explanation,37,Explain why high training accuracy can still indicate overfitting.,A model can memorize training noise or examples and then fail to generalize to new cases.
enhanced_long_form_explanation,38,Explain the common misconception behind the statement that high training accuracy can still indicate overfitting.,A model can memorize training noise or examples and then fail to generalize to new cases.
enhanced_long_form_explanation,39,"Give a multi-sentence explanation of why high training accuracy can still indicate overfitting, including the key limitation.",A model can memorize training noise or examples and then fail to generalize to new cases.
enhanced_long_form_explanation,40,A student claims the opposite of this idea: high training accuracy can still indicate overfitting. Explain why the student's claim is wrong.,A model can memorize training noise or examples and then fail to generalize to new cases.
enhanced_long_form_explanation,41,Explain why correlation between two variables is not enough to prove causation.,"Correlation can arise from confounding, reverse causation, selection effects, or coincidence rather than direct causation."
enhanced_long_form_explanation,42,Explain the common misconception behind the statement that correlation between two variables is not enough to prove causation.,"Correlation can arise from confounding, reverse causation, selection effects, or coincidence rather than direct causation."
enhanced_long_form_explanation,43,"Give a multi-sentence explanation of why correlation between two variables is not enough to prove causation, including the key limitation.","Correlation can arise from confounding, reverse causation, selection effects, or coincidence rather than direct causation."
enhanced_long_form_explanation,44,A student claims the opposite of this idea: correlation between two variables is not enough to prove causation. Explain why the student's claim is wrong.,"Correlation can arise from confounding, reverse causation, selection effects, or coincidence rather than direct causation."
enhanced_long_form_explanation,45,Explain why a placebo control helps interpret treatment studies.,"A placebo control helps separate the treatment's effect from expectations, natural recovery, and other shared study conditions."
enhanced_long_form_explanation,46,Explain the common misconception behind the statement that a placebo control helps interpret treatment studies.,"A placebo control helps separate the treatment's effect from expectations, natural recovery, and other shared study conditions."
enhanced_long_form_explanation,47,"Give a multi-sentence explanation of why a placebo control helps interpret treatment studies, including the key limitation.","A placebo control helps separate the treatment's effect from expectations, natural recovery, and other shared study conditions."
enhanced_long_form_explanation,48,A student claims the opposite of this idea: a placebo control helps interpret treatment studies. Explain why the student's claim is wrong.,"A placebo control helps separate the treatment's effect from expectations, natural recovery, and other shared study conditions."
enhanced_long_form_explanation,49,Explain why a map projection cannot preserve all properties of Earth.,"Flattening a curved surface requires distortion, so no flat map preserves all area, distance, direction, and shape everywhere."
enhanced_long_form_explanation,50,Explain the common misconception behind the statement that a map projection cannot preserve all properties of Earth.,"Flattening a curved surface requires distortion, so no flat map preserves all area, distance, direction, and shape everywhere."
enhanced_long_form_explanation,51,"Give a multi-sentence explanation of why a map projection cannot preserve all properties of Earth, including the key limitation.","Flattening a curved surface requires distortion, so no flat map preserves all area, distance, direction, and shape everywhere."
enhanced_long_form_explanation,52,A student claims the opposite of this idea: a map projection cannot preserve all properties of Earth. Explain why the student's claim is wrong.,"Flattening a curved surface requires distortion, so no flat map preserves all area, distance, direction, and shape everywhere."
enhanced_long_form_explanation,53,Explain why a confidence interval is not a guarantee that the parameter is inside one realized interval.,"In frequentist interpretation, the procedure has long-run coverage; a fixed parameter is not assigned a probability within a particular interval."
enhanced_long_form_explanation,54,Explain the common misconception behind the statement that a confidence interval is not a guarantee that the parameter is inside one realized interval.,"In frequentist interpretation, the procedure has long-run coverage; a fixed parameter is not assigned a probability within a particular interval."
enhanced_long_form_explanation,55,"Give a multi-sentence explanation of why a confidence interval is not a guarantee that the parameter is inside one realized interval, including the key limitation.","In frequentist interpretation, the procedure has long-run coverage; a fixed parameter is not assigned a probability within a particular interval."
enhanced_long_form_explanation,56,A student claims the opposite of this idea: a confidence interval is not a guarantee that the parameter is inside one realized interval. Explain why the student's claim is wrong.,"In frequentist interpretation, the procedure has long-run coverage; a fixed parameter is not assigned a probability within a particular interval."
enhanced_long_form_explanation,57,Explain why a neural network can produce confident wrong answers.,"Model confidence reflects learned patterns and calibration, not guaranteed truth or verified evidence."
enhanced_long_form_explanation,58,Explain the common misconception behind the statement that a neural network can produce confident wrong answers.,"Model confidence reflects learned patterns and calibration, not guaranteed truth or verified evidence."
enhanced_long_form_explanation,59,"Give a multi-sentence explanation of why a neural network can produce confident wrong answers, including the key limitation.","Model confidence reflects learned patterns and calibration, not guaranteed truth or verified evidence."
enhanced_long_form_explanation,60,A student claims the opposite of this idea: a neural network can produce confident wrong answers. Explain why the student's claim is wrong.,"Model confidence reflects learned patterns and calibration, not guaranteed truth or verified evidence."
enhanced_long_form_explanation,61,Explain why a short answer can be correct but incomplete.,"A short response can contain the key fact while missing explanation, scope, assumptions, or limitations needed for full adequacy."
enhanced_long_form_explanation,62,Explain the common misconception behind the statement that a short answer can be correct but incomplete.,"A short response can contain the key fact while missing explanation, scope, assumptions, or limitations needed for full adequacy."
enhanced_long_form_explanation,63,"Give a multi-sentence explanation of why a short answer can be correct but incomplete, including the key limitation.","A short response can contain the key fact while missing explanation, scope, assumptions, or limitations needed for full adequacy."
enhanced_long_form_explanation,64,A student claims the opposite of this idea: a short answer can be correct but incomplete. Explain why the student's claim is wrong.,"A short response can contain the key fact while missing explanation, scope, assumptions, or limitations needed for full adequacy."
enhanced_long_form_explanation,65,Explain why water expands when it freezes.,"Hydrogen bonding forms an open crystal structure in ice, making solid water less dense than liquid water."
enhanced_long_form_explanation,66,Explain the common misconception behind the statement that water expands when it freezes.,"Hydrogen bonding forms an open crystal structure in ice, making solid water less dense than liquid water."
enhanced_long_form_explanation,67,"Give a multi-sentence explanation of why water expands when it freezes, including the key limitation.","Hydrogen bonding forms an open crystal structure in ice, making solid water less dense than liquid water."
enhanced_long_form_explanation,68,A student claims the opposite of this idea: water expands when it freezes. Explain why the student's claim is wrong.,"Hydrogen bonding forms an open crystal structure in ice, making solid water less dense than liquid water."
enhanced_long_form_explanation,69,Explain why a balanced chemical equation must conserve atoms.,"Chemical reactions rearrange atoms, so every element must have the same count on both sides of the equation."
enhanced_long_form_explanation,70,Explain the common misconception behind the statement that a balanced chemical equation must conserve atoms.,"Chemical reactions rearrange atoms, so every element must have the same count on both sides of the equation."
enhanced_long_form_explanation,71,"Give a multi-sentence explanation of why a balanced chemical equation must conserve atoms, including the key limitation.","Chemical reactions rearrange atoms, so every element must have the same count on both sides of the equation."
enhanced_long_form_explanation,72,A student claims the opposite of this idea: a balanced chemical equation must conserve atoms. Explain why the student's claim is wrong.,"Chemical reactions rearrange atoms, so every element must have the same count on both sides of the equation."
enhanced_long_form_explanation,73,Explain why random assignment differs from random sampling.,"Random sampling supports representativeness, while random assignment supports causal comparison by distributing participants across conditions."
enhanced_long_form_explanation,74,Explain the common misconception behind the statement that random assignment differs from random sampling.,"Random sampling supports representativeness, while random assignment supports causal comparison by distributing participants across conditions."
enhanced_long_form_explanation,75,"Give a multi-sentence explanation of why random assignment differs from random sampling, including the key limitation.","Random sampling supports representativeness, while random assignment supports causal comparison by distributing participants across conditions."
enhanced_long_form_explanation,76,A student claims the opposite of this idea: random assignment differs from random sampling. Explain why the student's claim is wrong.,"Random sampling supports representativeness, while random assignment supports causal comparison by distributing participants across conditions."
enhanced_long_form_explanation,77,Explain why an average can mislead for skewed data.,"Extreme values can pull the mean away from a typical observation, so median and distributional summaries may be needed."
enhanced_long_form_explanation,78,Explain the common misconception behind the statement that an average can mislead for skewed data.,"Extreme values can pull the mean away from a typical observation, so median and distributional summaries may be needed."
enhanced_long_form_explanation,79,"Give a multi-sentence explanation of why an average can mislead for skewed data, including the key limitation.","Extreme values can pull the mean away from a typical observation, so median and distributional summaries may be needed."
enhanced_long_form_explanation,80,A student claims the opposite of this idea: an average can mislead for skewed data. Explain why the student's claim is wrong.,"Extreme values can pull the mean away from a typical observation, so median and distributional summaries may be needed."
enhanced_long_form_explanation,81,Explain why source-grounded answers should not invent missing facts.,"A source-grounded answer should use only supported information, state gaps, and avoid fabricating details."
enhanced_long_form_explanation,82,Explain the common misconception behind the statement that source-grounded answers should not invent missing facts.,"A source-grounded answer should use only supported information, state gaps, and avoid fabricating details."
enhanced_long_form_explanation,83,"Give a multi-sentence explanation of why source-grounded answers should not invent missing facts, including the key limitation.","A source-grounded answer should use only supported information, state gaps, and avoid fabricating details."
enhanced_long_form_explanation,84,A student claims the opposite of this idea: source-grounded answers should not invent missing facts. Explain why the student's claim is wrong.,"A source-grounded answer should use only supported information, state gaps, and avoid fabricating details."
enhanced_long_form_explanation,85,Explain why abstention can lower contradiction rates without proving task success.,"Refusing or giving no answer can avoid false claims but still fails to provide a correct answer, so abstention should be reported separately."
enhanced_long_form_explanation,86,Explain the common misconception behind the statement that abstention can lower contradiction rates without proving task success.,"Refusing or giving no answer can avoid false claims but still fails to provide a correct answer, so abstention should be reported separately."
enhanced_long_form_explanation,87,"Give a multi-sentence explanation of why abstention can lower contradiction rates without proving task success, including the key limitation.","Refusing or giving no answer can avoid false claims but still fails to provide a correct answer, so abstention should be reported separately."
enhanced_long_form_explanation,88,A student claims the opposite of this idea: abstention can lower contradiction rates without proving task success. Explain why the student's claim is wrong.,"Refusing or giving no answer can avoid false claims but still fails to provide a correct answer, so abstention should be reported separately."
enhanced_long_form_explanation,89,Explain why embedding similarity can help paraphrase matching but cannot prove correctness.,"Similarity can show semantic closeness, but it may miss contradictions, unsupported details, or important omissions."
enhanced_long_form_explanation,90,Explain the common misconception behind the statement that embedding similarity can help paraphrase matching but cannot prove correctness.,"Similarity can show semantic closeness, but it may miss contradictions, unsupported details, or important omissions."
enhanced_long_form_explanation,91,"Give a multi-sentence explanation of why embedding similarity can help paraphrase matching but cannot prove correctness, including the key limitation.","Similarity can show semantic closeness, but it may miss contradictions, unsupported details, or important omissions."
enhanced_long_form_explanation,92,A student claims the opposite of this idea: embedding similarity can help paraphrase matching but cannot prove correctness. Explain why the student's claim is wrong.,"Similarity can show semantic closeness, but it may miss contradictions, unsupported details, or important omissions."
enhanced_long_form_explanation,93,Explain why uncertainty-aware answers may look contradictory to simple detectors.,"Cautious answers often mention missing evidence or claims to avoid, and a detector may confuse those mentions with asserting the claim."
enhanced_long_form_explanation,94,Explain the common misconception behind the statement that uncertainty-aware answers may look contradictory to simple detectors.,"Cautious answers often mention missing evidence or claims to avoid, and a detector may confuse those mentions with asserting the claim."
enhanced_long_form_explanation,95,"Give a multi-sentence explanation of why uncertainty-aware answers may look contradictory to simple detectors, including the key limitation.","Cautious answers often mention missing evidence or claims to avoid, and a detector may confuse those mentions with asserting the claim."
enhanced_long_form_explanation,96,A student claims the opposite of this idea: uncertainty-aware answers may look contradictory to simple detectors. Explain why the student's claim is wrong.,"Cautious answers often mention missing evidence or claims to avoid, and a detector may confuse those mentions with asserting the claim."
enhanced_long_form_explanation,97,Explain why large samples can still be unrepresentative.,A biased sampling method can systematically exclude or overrepresent groups even when the sample size is large.
enhanced_long_form_explanation,98,Explain the common misconception behind the statement that large samples can still be unrepresentative.,A biased sampling method can systematically exclude or overrepresent groups even when the sample size is large.
enhanced_long_form_explanation,99,"Give a multi-sentence explanation of why large samples can still be unrepresentative, including the key limitation.",A biased sampling method can systematically exclude or overrepresent groups even when the sample size is large.
enhanced_long_form_explanation,100,A student claims the opposite of this idea: large samples can still be unrepresentative. Explain why the student's claim is wrong.,A biased sampling method can systematically exclude or overrepresent groups even when the sample size is large.
enhanced_causal_reasoning,21,A study reports that a school introduces a reading app and test scores rise. Why is this not enough to prove causation?,"It is not enough because scores may have risen because of selection, teacher changes, practice effects, or other trends; a controlled or randomized comparison is needed."
enhanced_causal_reasoning,22,"In the finding that a school introduces a reading app and test scores rise, identify one plausible confounder or alternative explanation.","A plausible alternative is that scores may have risen because of selection, teacher changes, practice effects, or other trends; a controlled or randomized comparison is needed."
enhanced_causal_reasoning,23,What kind of evidence would make the causal claim stronger if a school introduces a reading app and test scores rise?,"A randomized experiment, natural experiment, or well-matched comparison group controlling for major confounders would strengthen the causal claim."
enhanced_causal_reasoning,24,Why should a reliable answer avoid saying that this proves the cause: a school introduces a reading app and test scores rise?,"Because the observation is associational and scores may have risen because of selection, teacher changes, practice effects, or other trends; a controlled or randomized comparison is needed; it does not isolate the causal effect."
enhanced_causal_reasoning,25,A study reports that cities with more parks have lower obesity rates. Why is this not enough to prove causation?,"It is not enough because income, walkability, food access, and neighborhood design may confound the association."
enhanced_causal_reasoning,26,"In the finding that cities with more parks have lower obesity rates, identify one plausible confounder or alternative explanation.","A plausible alternative is that income, walkability, food access, and neighborhood design may confound the association."
enhanced_causal_reasoning,27,What kind of evidence would make the causal claim stronger if cities with more parks have lower obesity rates?,"A randomized experiment, natural experiment, or well-matched comparison group controlling for major confounders would strengthen the causal claim."
enhanced_causal_reasoning,28,Why should a reliable answer avoid saying that this proves the cause: cities with more parks have lower obesity rates?,"Because the observation is associational and income, walkability, food access, and neighborhood design may confound the association; it does not isolate the causal effect."
enhanced_causal_reasoning,29,A study reports that students who attend optional tutoring earn higher grades. Why is this not enough to prove causation?,"It is not enough because students choosing tutoring may differ in motivation, prior ability, or family support."
enhanced_causal_reasoning,30,"In the finding that students who attend optional tutoring earn higher grades, identify one plausible confounder or alternative explanation.","A plausible alternative is that students choosing tutoring may differ in motivation, prior ability, or family support."
enhanced_causal_reasoning,31,What kind of evidence would make the causal claim stronger if students who attend optional tutoring earn higher grades?,"A randomized experiment, natural experiment, or well-matched comparison group controlling for major confounders would strengthen the causal claim."
enhanced_causal_reasoning,32,Why should a reliable answer avoid saying that this proves the cause: students who attend optional tutoring earn higher grades?,"Because the observation is associational and students choosing tutoring may differ in motivation, prior ability, or family support; it does not isolate the causal effect."
enhanced_causal_reasoning,33,A study reports that a hospital checklist begins and infection rates fall. Why is this not enough to prove causation?,"It is not enough because patient mix, staffing, background trends, or other simultaneous procedures may explain the decline."
enhanced_causal_reasoning,34,"In the finding that a hospital checklist begins and infection rates fall, identify one plausible confounder or alternative explanation.","A plausible alternative is that patient mix, staffing, background trends, or other simultaneous procedures may explain the decline."
enhanced_causal_reasoning,35,What kind of evidence would make the causal claim stronger if a hospital checklist begins and infection rates fall?,"A randomized experiment, natural experiment, or well-matched comparison group controlling for major confounders would strengthen the causal claim."
enhanced_causal_reasoning,36,Why should a reliable answer avoid saying that this proves the cause: a hospital checklist begins and infection rates fall?,"Because the observation is associational and patient mix, staffing, background trends, or other simultaneous procedures may explain the decline; it does not isolate the causal effect."
enhanced_causal_reasoning,37,A study reports that sales rise after a new advertising campaign. Why is this not enough to prove causation?,"It is not enough because seasonality, discounts, competitor behavior, or general demand could explain the increase."
enhanced_causal_reasoning,38,"In the finding that sales rise after a new advertising campaign, identify one plausible confounder or alternative explanation.","A plausible alternative is that seasonality, discounts, competitor behavior, or general demand could explain the increase."
enhanced_causal_reasoning,39,What kind of evidence would make the causal claim stronger if sales rise after a new advertising campaign?,"A randomized experiment, natural experiment, or well-matched comparison group controlling for major confounders would strengthen the causal claim."
enhanced_causal_reasoning,40,Why should a reliable answer avoid saying that this proves the cause: sales rise after a new advertising campaign?,"Because the observation is associational and seasonality, discounts, competitor behavior, or general demand could explain the increase; it does not isolate the causal effect."
enhanced_causal_reasoning,41,A study reports that people who sleep more score higher on memory tests. Why is this not enough to prove causation?,"It is not enough because health, stress, age, schedules, or baseline ability could influence both sleep and memory."
enhanced_causal_reasoning,42,"In the finding that people who sleep more score higher on memory tests, identify one plausible confounder or alternative explanation.","A plausible alternative is that health, stress, age, schedules, or baseline ability could influence both sleep and memory."
enhanced_causal_reasoning,43,What kind of evidence would make the causal claim stronger if people who sleep more score higher on memory tests?,"A randomized experiment, natural experiment, or well-matched comparison group controlling for major confounders would strengthen the causal claim."
enhanced_causal_reasoning,44,Why should a reliable answer avoid saying that this proves the cause: people who sleep more score higher on memory tests?,"Because the observation is associational and health, stress, age, schedules, or baseline ability could influence both sleep and memory; it does not isolate the causal effect."
enhanced_causal_reasoning,45,A study reports that a city installs cameras and crime reports increase. Why is this not enough to prove causation?,It is not enough because cameras may increase detection or be placed where crime was already higher.
enhanced_causal_reasoning,46,"In the finding that a city installs cameras and crime reports increase, identify one plausible confounder or alternative explanation.",A plausible alternative is that cameras may increase detection or be placed where crime was already higher.
enhanced_causal_reasoning,47,What kind of evidence would make the causal claim stronger if a city installs cameras and crime reports increase?,"A randomized experiment, natural experiment, or well-matched comparison group controlling for major confounders would strengthen the causal claim."
enhanced_causal_reasoning,48,Why should a reliable answer avoid saying that this proves the cause: a city installs cameras and crime reports increase?,Because the observation is associational and cameras may increase detection or be placed where crime was already higher; it does not isolate the causal effect.
enhanced_causal_reasoning,49,A study reports that a supplement group loses more weight than non-users. Why is this not enough to prove causation?,"It is not enough because diet, exercise, motivation, and self-selection may confound the result."
enhanced_causal_reasoning,50,"In the finding that a supplement group loses more weight than non-users, identify one plausible confounder or alternative explanation.","A plausible alternative is that diet, exercise, motivation, and self-selection may confound the result."
enhanced_causal_reasoning,51,What kind of evidence would make the causal claim stronger if a supplement group loses more weight than non-users?,"A randomized experiment, natural experiment, or well-matched comparison group controlling for major confounders would strengthen the causal claim."
enhanced_causal_reasoning,52,Why should a reliable answer avoid saying that this proves the cause: a supplement group loses more weight than non-users?,"Because the observation is associational and diet, exercise, motivation, and self-selection may confound the result; it does not isolate the causal effect."
enhanced_causal_reasoning,53,A study reports that a bus line opens and nearby store revenue increases. Why is this not enough to prove causation?,It is not enough because the area may already have been growing or received other investments.
enhanced_causal_reasoning,54,"In the finding that a bus line opens and nearby store revenue increases, identify one plausible confounder or alternative explanation.",A plausible alternative is that the area may already have been growing or received other investments.
enhanced_causal_reasoning,55,What kind of evidence would make the causal claim stronger if a bus line opens and nearby store revenue increases?,"A randomized experiment, natural experiment, or well-matched comparison group controlling for major confounders would strengthen the causal claim."
enhanced_causal_reasoning,56,Why should a reliable answer avoid saying that this proves the cause: a bus line opens and nearby store revenue increases?,Because the observation is associational and the area may already have been growing or received other investments; it does not isolate the causal effect.
enhanced_causal_reasoning,57,A study reports that a later school start time is followed by better attendance. Why is this not enough to prove causation?,"It is not enough because transportation changes, attendance policy, seasonal effects, or cohort differences may matter."
enhanced_causal_reasoning,58,"In the finding that a later school start time is followed by better attendance, identify one plausible confounder or alternative explanation.","A plausible alternative is that transportation changes, attendance policy, seasonal effects, or cohort differences may matter."
enhanced_causal_reasoning,59,What kind of evidence would make the causal claim stronger if a later school start time is followed by better attendance?,"A randomized experiment, natural experiment, or well-matched comparison group controlling for major confounders would strengthen the causal claim."
enhanced_causal_reasoning,60,Why should a reliable answer avoid saying that this proves the cause: a later school start time is followed by better attendance?,"Because the observation is associational and transportation changes, attendance policy, seasonal effects, or cohort differences may matter; it does not isolate the causal effect."
enhanced_causal_reasoning,61,A study reports that a fertilizer is applied and crop yield rises. Why is this not enough to prove causation?,"It is not enough because weather, soil conditions, irrigation, seed type, or farming practices may also have changed."
enhanced_causal_reasoning,62,"In the finding that a fertilizer is applied and crop yield rises, identify one plausible confounder or alternative explanation.","A plausible alternative is that weather, soil conditions, irrigation, seed type, or farming practices may also have changed."
enhanced_causal_reasoning,63,What kind of evidence would make the causal claim stronger if a fertilizer is applied and crop yield rises?,"A randomized experiment, natural experiment, or well-matched comparison group controlling for major confounders would strengthen the causal claim."
enhanced_causal_reasoning,64,Why should a reliable answer avoid saying that this proves the cause: a fertilizer is applied and crop yield rises?,"Because the observation is associational and weather, soil conditions, irrigation, seed type, or farming practices may also have changed; it does not isolate the causal effect."
enhanced_causal_reasoning,65,A study reports that people who volunteer report greater happiness. Why is this not enough to prove causation?,"It is not enough because volunteering may increase happiness, happier people may volunteer more, or social support may affect both."
enhanced_causal_reasoning,66,"In the finding that people who volunteer report greater happiness, identify one plausible confounder or alternative explanation.","A plausible alternative is that volunteering may increase happiness, happier people may volunteer more, or social support may affect both."
enhanced_causal_reasoning,67,What kind of evidence would make the causal claim stronger if people who volunteer report greater happiness?,"A randomized experiment, natural experiment, or well-matched comparison group controlling for major confounders would strengthen the causal claim."
enhanced_causal_reasoning,68,Why should a reliable answer avoid saying that this proves the cause: people who volunteer report greater happiness?,"Because the observation is associational and volunteering may increase happiness, happier people may volunteer more, or social support may affect both; it does not isolate the causal effect."
enhanced_causal_reasoning,69,A study reports that a new security system is installed and theft decreases. Why is this not enough to prove causation?,"It is not enough because citywide trends, seasonality, product changes, or enforcement changes could also reduce theft."
enhanced_causal_reasoning,70,"In the finding that a new security system is installed and theft decreases, identify one plausible confounder or alternative explanation.","A plausible alternative is that citywide trends, seasonality, product changes, or enforcement changes could also reduce theft."
enhanced_causal_reasoning,71,What kind of evidence would make the causal claim stronger if a new security system is installed and theft decreases?,"A randomized experiment, natural experiment, or well-matched comparison group controlling for major confounders would strengthen the causal claim."
enhanced_causal_reasoning,72,Why should a reliable answer avoid saying that this proves the cause: a new security system is installed and theft decreases?,"Because the observation is associational and citywide trends, seasonality, product changes, or enforcement changes could also reduce theft; it does not isolate the causal effect."
enhanced_causal_reasoning,73,A study reports that a neighborhood opens a grocery store and diabetes rates fall. Why is this not enough to prove causation?,"It is not enough because population changes, income, healthcare access, education, and other food options can affect diabetes rates."
enhanced_causal_reasoning,74,"In the finding that a neighborhood opens a grocery store and diabetes rates fall, identify one plausible confounder or alternative explanation.","A plausible alternative is that population changes, income, healthcare access, education, and other food options can affect diabetes rates."
enhanced_causal_reasoning,75,What kind of evidence would make the causal claim stronger if a neighborhood opens a grocery store and diabetes rates fall?,"A randomized experiment, natural experiment, or well-matched comparison group controlling for major confounders would strengthen the causal claim."
enhanced_causal_reasoning,76,Why should a reliable answer avoid saying that this proves the cause: a neighborhood opens a grocery store and diabetes rates fall?,"Because the observation is associational and population changes, income, healthcare access, education, and other food options can affect diabetes rates; it does not isolate the causal effect."
enhanced_causal_reasoning,77,A study reports that a company raises pay and turnover falls. Why is this not enough to prove causation?,"It is not enough because labor market conditions, management changes, benefits, or hiring standards could influence turnover."
enhanced_causal_reasoning,78,"In the finding that a company raises pay and turnover falls, identify one plausible confounder or alternative explanation.","A plausible alternative is that labor market conditions, management changes, benefits, or hiring standards could influence turnover."
enhanced_causal_reasoning,79,What kind of evidence would make the causal claim stronger if a company raises pay and turnover falls?,"A randomized experiment, natural experiment, or well-matched comparison group controlling for major confounders would strengthen the causal claim."
enhanced_causal_reasoning,80,Why should a reliable answer avoid saying that this proves the cause: a company raises pay and turnover falls?,"Because the observation is associational and labor market conditions, management changes, benefits, or hiring standards could influence turnover; it does not isolate the causal effect."
enhanced_causal_reasoning,81,A study reports that a new textbook is used and this year's class scores higher. Why is this not enough to prove causation?,"It is not enough because different students, teachers, tests, or timing can explain the score difference."
enhanced_causal_reasoning,82,"In the finding that a new textbook is used and this year's class scores higher, identify one plausible confounder or alternative explanation.","A plausible alternative is that different students, teachers, tests, or timing can explain the score difference."
enhanced_causal_reasoning,83,What kind of evidence would make the causal claim stronger if a new textbook is used and this year's class scores higher?,"A randomized experiment, natural experiment, or well-matched comparison group controlling for major confounders would strengthen the causal claim."
enhanced_causal_reasoning,84,Why should a reliable answer avoid saying that this proves the cause: a new textbook is used and this year's class scores higher?,"Because the observation is associational and different students, teachers, tests, or timing can explain the score difference; it does not isolate the causal effect."
enhanced_causal_reasoning,85,A study reports that a city adds bike lanes and cycling increases. Why is this not enough to prove causation?,"It is not enough because cycling may already have been rising, and lanes may be placed where demand was expected."
enhanced_causal_reasoning,86,"In the finding that a city adds bike lanes and cycling increases, identify one plausible confounder or alternative explanation.","A plausible alternative is that cycling may already have been rising, and lanes may be placed where demand was expected."
enhanced_causal_reasoning,87,What kind of evidence would make the causal claim stronger if a city adds bike lanes and cycling increases?,"A randomized experiment, natural experiment, or well-matched comparison group controlling for major confounders would strengthen the causal claim."
enhanced_causal_reasoning,88,Why should a reliable answer avoid saying that this proves the cause: a city adds bike lanes and cycling increases?,"Because the observation is associational and cycling may already have been rising, and lanes may be placed where demand was expected; it does not isolate the causal effect."
enhanced_causal_reasoning,89,A study reports that patients receiving more tests have worse outcomes. Why is this not enough to prove causation?,"It is not enough because sicker patients are more likely to receive more tests, so illness severity confounds the association."
enhanced_causal_reasoning,90,"In the finding that patients receiving more tests have worse outcomes, identify one plausible confounder or alternative explanation.","A plausible alternative is that sicker patients are more likely to receive more tests, so illness severity confounds the association."
enhanced_causal_reasoning,91,What kind of evidence would make the causal claim stronger if patients receiving more tests have worse outcomes?,"A randomized experiment, natural experiment, or well-matched comparison group controlling for major confounders would strengthen the causal claim."
enhanced_causal_reasoning,92,Why should a reliable answer avoid saying that this proves the cause: patients receiving more tests have worse outcomes?,"Because the observation is associational and sicker patients are more likely to receive more tests, so illness severity confounds the association; it does not isolate the causal effect."
enhanced_causal_reasoning,93,A study reports that a recycling campaign starts and recycling rates rise. Why is this not enough to prove causation?,"It is not enough because collection access, enforcement, prices, or public concern may also change recycling rates."
enhanced_causal_reasoning,94,"In the finding that a recycling campaign starts and recycling rates rise, identify one plausible confounder or alternative explanation.","A plausible alternative is that collection access, enforcement, prices, or public concern may also change recycling rates."
enhanced_causal_reasoning,95,What kind of evidence would make the causal claim stronger if a recycling campaign starts and recycling rates rise?,"A randomized experiment, natural experiment, or well-matched comparison group controlling for major confounders would strengthen the causal claim."
enhanced_causal_reasoning,96,Why should a reliable answer avoid saying that this proves the cause: a recycling campaign starts and recycling rates rise?,"Because the observation is associational and collection access, enforcement, prices, or public concern may also change recycling rates; it does not isolate the causal effect."
enhanced_causal_reasoning,97,A study reports that remote workers appear more productive than office workers. Why is this not enough to prove causation?,"It is not enough because job type, worker selection, seniority, home conditions, or manager expectations may confound the comparison."
enhanced_causal_reasoning,98,"In the finding that remote workers appear more productive than office workers, identify one plausible confounder or alternative explanation.","A plausible alternative is that job type, worker selection, seniority, home conditions, or manager expectations may confound the comparison."
enhanced_causal_reasoning,99,What kind of evidence would make the causal claim stronger if remote workers appear more productive than office workers?,"A randomized experiment, natural experiment, or well-matched comparison group controlling for major confounders would strengthen the causal claim."
enhanced_causal_reasoning,100,Why should a reliable answer avoid saying that this proves the cause: remote workers appear more productive than office workers?,"Because the observation is associational and job type, worker selection, seniority, home conditions, or manager expectations may confound the comparison; it does not isolate the causal effect."
enhanced_synthesis,21,Synthesize these two ideas: bacteria have cellular targets and viruses replicate inside host cells. What conclusion follows?,Antibiotics can target many bacterial processes but generally do not treat viral infections.
enhanced_synthesis,22,Compare the two concepts in this pair: bacteria have cellular targets and viruses replicate inside host cells.,Antibiotics can target many bacterial processes but generally do not treat viral infections.
enhanced_synthesis,23,Use both parts of this statement to give a careful interpretation: bacteria have cellular targets and viruses replicate inside host cells.,Antibiotics can target many bacterial processes but generally do not treat viral infections.
enhanced_synthesis,24,What mistake should be avoided when combining these facts: bacteria have cellular targets and viruses replicate inside host cells?,Antibiotics can target many bacterial processes but generally do not treat viral infections.
enhanced_synthesis,25,Synthesize these two ideas: large samples reduce random error and biased sampling creates systematic error. What conclusion follows?,Good design needs both adequate sample size and representative sampling; size alone cannot fix bias.
enhanced_synthesis,26,Compare the two concepts in this pair: large samples reduce random error and biased sampling creates systematic error.,Good design needs both adequate sample size and representative sampling; size alone cannot fix bias.
enhanced_synthesis,27,Use both parts of this statement to give a careful interpretation: large samples reduce random error and biased sampling creates systematic error.,Good design needs both adequate sample size and representative sampling; size alone cannot fix bias.
enhanced_synthesis,28,What mistake should be avoided when combining these facts: large samples reduce random error and biased sampling creates systematic error?,Good design needs both adequate sample size and representative sampling; size alone cannot fix bias.
enhanced_synthesis,29,Synthesize these two ideas: randomized trials support causality and observational studies show associations. What conclusion follows?,"Randomized evidence is usually stronger for causality, while observational evidence needs careful controls."
enhanced_synthesis,30,Compare the two concepts in this pair: randomized trials support causality and observational studies show associations.,"Randomized evidence is usually stronger for causality, while observational evidence needs careful controls."
enhanced_synthesis,31,Use both parts of this statement to give a careful interpretation: randomized trials support causality and observational studies show associations.,"Randomized evidence is usually stronger for causality, while observational evidence needs careful controls."
enhanced_synthesis,32,What mistake should be avoided when combining these facts: randomized trials support causality and observational studies show associations?,"Randomized evidence is usually stronger for causality, while observational evidence needs careful controls."
enhanced_synthesis,33,Synthesize these two ideas: precision measures flagged-case reliability and recall measures captured positives. What conclusion follows?,"A detector can catch most true cases while still producing many false alarms, so both metrics matter."
enhanced_synthesis,34,Compare the two concepts in this pair: precision measures flagged-case reliability and recall measures captured positives.,"A detector can catch most true cases while still producing many false alarms, so both metrics matter."
enhanced_synthesis,35,Use both parts of this statement to give a careful interpretation: precision measures flagged-case reliability and recall measures captured positives.,"A detector can catch most true cases while still producing many false alarms, so both metrics matter."
enhanced_synthesis,36,What mistake should be avoided when combining these facts: precision measures flagged-case reliability and recall measures captured positives?,"A detector can catch most true cases while still producing many false alarms, so both metrics matter."
enhanced_synthesis,37,Synthesize these two ideas: weather varies daily and climate describes long-term patterns. What conclusion follows?,Short-term weather events should not be used alone to confirm or refute long-term climate trends.
enhanced_synthesis,38,Compare the two concepts in this pair: weather varies daily and climate describes long-term patterns.,Short-term weather events should not be used alone to confirm or refute long-term climate trends.
enhanced_synthesis,39,Use both parts of this statement to give a careful interpretation: weather varies daily and climate describes long-term patterns.,Short-term weather events should not be used alone to confirm or refute long-term climate trends.
enhanced_synthesis,40,What mistake should be avoided when combining these facts: weather varies daily and climate describes long-term patterns?,Short-term weather events should not be used alone to confirm or refute long-term climate trends.
enhanced_synthesis,41,Synthesize these two ideas: source-grounded answers must follow evidence and LLMs may add plausible outside knowledge. What conclusion follows?,A source-grounded answer should avoid unsupported additions even if outside knowledge sounds plausible.
enhanced_synthesis,42,Compare the two concepts in this pair: source-grounded answers must follow evidence and LLMs may add plausible outside knowledge.,A source-grounded answer should avoid unsupported additions even if outside knowledge sounds plausible.
enhanced_synthesis,43,Use both parts of this statement to give a careful interpretation: source-grounded answers must follow evidence and LLMs may add plausible outside knowledge.,A source-grounded answer should avoid unsupported additions even if outside knowledge sounds plausible.
enhanced_synthesis,44,What mistake should be avoided when combining these facts: source-grounded answers must follow evidence and LLMs may add plausible outside knowledge?,A source-grounded answer should avoid unsupported additions even if outside knowledge sounds plausible.
enhanced_synthesis,45,Synthesize these two ideas: abstention avoids some false claims and also withholds answers. What conclusion follows?,Abstention should be reported separately because it can reduce contradictions without showing task success.
enhanced_synthesis,46,Compare the two concepts in this pair: abstention avoids some false claims and also withholds answers.,Abstention should be reported separately because it can reduce contradictions without showing task success.
enhanced_synthesis,47,Use both parts of this statement to give a careful interpretation: abstention avoids some false claims and also withholds answers.,Abstention should be reported separately because it can reduce contradictions without showing task success.
enhanced_synthesis,48,What mistake should be avoided when combining these facts: abstention avoids some false claims and also withholds answers?,Abstention should be reported separately because it can reduce contradictions without showing task success.
enhanced_synthesis,49,Synthesize these two ideas: semantic adequacy requires usefulness and contradiction detection checks conflict. What conclusion follows?,"An answer can be inadequate without being contradictory, so these labels should be separated."
enhanced_synthesis,50,Compare the two concepts in this pair: semantic adequacy requires usefulness and contradiction detection checks conflict.,"An answer can be inadequate without being contradictory, so these labels should be separated."
enhanced_synthesis,51,Use both parts of this statement to give a careful interpretation: semantic adequacy requires usefulness and contradiction detection checks conflict.,"An answer can be inadequate without being contradictory, so these labels should be separated."
enhanced_synthesis,52,What mistake should be avoided when combining these facts: semantic adequacy requires usefulness and contradiction detection checks conflict?,"An answer can be inadequate without being contradictory, so these labels should be separated."
enhanced_synthesis,53,Synthesize these two ideas: embedding similarity captures closeness and NLI estimates entailment or contradiction. What conclusion follows?,The two signals support different parts of semantic comparison and can fail in different ways.
enhanced_synthesis,54,Compare the two concepts in this pair: embedding similarity captures closeness and NLI estimates entailment or contradiction.,The two signals support different parts of semantic comparison and can fail in different ways.
enhanced_synthesis,55,Use both parts of this statement to give a careful interpretation: embedding similarity captures closeness and NLI estimates entailment or contradiction.,The two signals support different parts of semantic comparison and can fail in different ways.
enhanced_synthesis,56,What mistake should be avoided when combining these facts: embedding similarity captures closeness and NLI estimates entailment or contradiction?,The two signals support different parts of semantic comparison and can fail in different ways.
enhanced_synthesis,57,Synthesize these two ideas: uncertainty expression can be reliable and simple negation cues can over-trigger. What conclusion follows?,Cautionary wording may be correct but can be mistaken for contradiction by simple detectors.
enhanced_synthesis,58,Compare the two concepts in this pair: uncertainty expression can be reliable and simple negation cues can over-trigger.,Cautionary wording may be correct but can be mistaken for contradiction by simple detectors.
enhanced_synthesis,59,Use both parts of this statement to give a careful interpretation: uncertainty expression can be reliable and simple negation cues can over-trigger.,Cautionary wording may be correct but can be mistaken for contradiction by simple detectors.
enhanced_synthesis,60,What mistake should be avoided when combining these facts: uncertainty expression can be reliable and simple negation cues can over-trigger?,Cautionary wording may be correct but can be mistaken for contradiction by simple detectors.
enhanced_synthesis,61,Synthesize these two ideas: control groups provide baselines and random assignment reduces confounding. What conclusion follows?,Stronger experiments often use both a control group and random assignment.
enhanced_synthesis,62,Compare the two concepts in this pair: control groups provide baselines and random assignment reduces confounding.,Stronger experiments often use both a control group and random assignment.
enhanced_synthesis,63,Use both parts of this statement to give a careful interpretation: control groups provide baselines and random assignment reduces confounding.,Stronger experiments often use both a control group and random assignment.
enhanced_synthesis,64,What mistake should be avoided when combining these facts: control groups provide baselines and random assignment reduces confounding?,Stronger experiments often use both a control group and random assignment.
enhanced_synthesis,65,Synthesize these two ideas: unsupported claims go beyond evidence and contradicted claims conflict with evidence. What conclusion follows?,Unsupported and contradicted claims are different failure types and should not be merged automatically.
enhanced_synthesis,66,Compare the two concepts in this pair: unsupported claims go beyond evidence and contradicted claims conflict with evidence.,Unsupported and contradicted claims are different failure types and should not be merged automatically.
enhanced_synthesis,67,Use both parts of this statement to give a careful interpretation: unsupported claims go beyond evidence and contradicted claims conflict with evidence.,Unsupported and contradicted claims are different failure types and should not be merged automatically.
enhanced_synthesis,68,What mistake should be avoided when combining these facts: unsupported claims go beyond evidence and contradicted claims conflict with evidence?,Unsupported and contradicted claims are different failure types and should not be merged automatically.
enhanced_synthesis,69,Synthesize these two ideas: duplicate prompts inflate row counts and prompt-level aggregation reduces dependence. What conclusion follows?,Duplicate-aware metrics help prevent repeated cases from overstating independent evidence.
enhanced_synthesis,70,Compare the two concepts in this pair: duplicate prompts inflate row counts and prompt-level aggregation reduces dependence.,Duplicate-aware metrics help prevent repeated cases from overstating independent evidence.
enhanced_synthesis,71,Use both parts of this statement to give a careful interpretation: duplicate prompts inflate row counts and prompt-level aggregation reduces dependence.,Duplicate-aware metrics help prevent repeated cases from overstating independent evidence.
enhanced_synthesis,72,What mistake should be avoided when combining these facts: duplicate prompts inflate row counts and prompt-level aggregation reduces dependence?,Duplicate-aware metrics help prevent repeated cases from overstating independent evidence.
enhanced_synthesis,73,Synthesize these two ideas: short-answer prompts have compact references and non-atomic prompts allow varied valid responses. What conclusion follows?,Non-atomic prompts are harder for contradiction detection because correct answers can include caveats and different structures.
enhanced_synthesis,74,Compare the two concepts in this pair: short-answer prompts have compact references and non-atomic prompts allow varied valid responses.,Non-atomic prompts are harder for contradiction detection because correct answers can include caveats and different structures.
enhanced_synthesis,75,Use both parts of this statement to give a careful interpretation: short-answer prompts have compact references and non-atomic prompts allow varied valid responses.,Non-atomic prompts are harder for contradiction detection because correct answers can include caveats and different structures.
enhanced_synthesis,76,What mistake should be avoided when combining these facts: short-answer prompts have compact references and non-atomic prompts allow varied valid responses?,Non-atomic prompts are harder for contradiction detection because correct answers can include caveats and different structures.
enhanced_synthesis,77,Synthesize these two ideas: calibration means confidence matches accuracy and high confidence can still be wrong. What conclusion follows?,Confidence should be interpreted through calibration rather than treated as proof of correctness.
enhanced_synthesis,78,Compare the two concepts in this pair: calibration means confidence matches accuracy and high confidence can still be wrong.,Confidence should be interpreted through calibration rather than treated as proof of correctness.
enhanced_synthesis,79,Use both parts of this statement to give a careful interpretation: calibration means confidence matches accuracy and high confidence can still be wrong.,Confidence should be interpreted through calibration rather than treated as proof of correctness.
enhanced_synthesis,80,What mistake should be avoided when combining these facts: calibration means confidence matches accuracy and high confidence can still be wrong?,Confidence should be interpreted through calibration rather than treated as proof of correctness.
enhanced_synthesis,81,Synthesize these two ideas: claim-level evaluation separates statements and response-level evaluation assigns one label. What conclusion follows?,Claim-level evaluation can reveal mixed answers that are partly correct and partly unsupported.
enhanced_synthesis,82,Compare the two concepts in this pair: claim-level evaluation separates statements and response-level evaluation assigns one label.,Claim-level evaluation can reveal mixed answers that are partly correct and partly unsupported.
enhanced_synthesis,83,Use both parts of this statement to give a careful interpretation: claim-level evaluation separates statements and response-level evaluation assigns one label.,Claim-level evaluation can reveal mixed answers that are partly correct and partly unsupported.
enhanced_synthesis,84,What mistake should be avoided when combining these facts: claim-level evaluation separates statements and response-level evaluation assigns one label?,Claim-level evaluation can reveal mixed answers that are partly correct and partly unsupported.
enhanced_synthesis,85,Synthesize these two ideas: model transparency exposes rules and audits reveal failure cases. What conclusion follows?,Transparent decisions and audits make it easier to diagnose where a detector works or fails.
enhanced_synthesis,86,Compare the two concepts in this pair: model transparency exposes rules and audits reveal failure cases.,Transparent decisions and audits make it easier to diagnose where a detector works or fails.
enhanced_synthesis,87,Use both parts of this statement to give a careful interpretation: model transparency exposes rules and audits reveal failure cases.,Transparent decisions and audits make it easier to diagnose where a detector works or fails.
enhanced_synthesis,88,What mistake should be avoided when combining these facts: model transparency exposes rules and audits reveal failure cases?,Transparent decisions and audits make it easier to diagnose where a detector works or fails.
enhanced_synthesis,89,Synthesize these two ideas: current-fact questions need fresh evidence and stable facts change little. What conclusion follows?,A reliable answer should distinguish time-sensitive claims from stable background facts.
enhanced_synthesis,90,Compare the two concepts in this pair: current-fact questions need fresh evidence and stable facts change little.,A reliable answer should distinguish time-sensitive claims from stable background facts.
enhanced_synthesis,91,Use both parts of this statement to give a careful interpretation: current-fact questions need fresh evidence and stable facts change little.,A reliable answer should distinguish time-sensitive claims from stable background facts.
enhanced_synthesis,92,What mistake should be avoided when combining these facts: current-fact questions need fresh evidence and stable facts change little?,A reliable answer should distinguish time-sensitive claims from stable background facts.
enhanced_synthesis,93,Synthesize these two ideas: assertion scope separates endorsed claims from mentioned claims. What conclusion follows?,A detector should not treat a warning about a claim as if the answer endorsed that claim.
enhanced_synthesis,94,Compare the two concepts in this pair: assertion scope separates endorsed claims from mentioned claims.,A detector should not treat a warning about a claim as if the answer endorsed that claim.
enhanced_synthesis,95,Use both parts of this statement to give a careful interpretation: assertion scope separates endorsed claims from mentioned claims.,A detector should not treat a warning about a claim as if the answer endorsed that claim.
enhanced_synthesis,96,What mistake should be avoided when combining these facts: assertion scope separates endorsed claims from mentioned claims?,A detector should not treat a warning about a claim as if the answer endorsed that claim.
enhanced_synthesis,97,Synthesize these two ideas: category-balanced prompts improve inference and sparse categories leave recall undefined. What conclusion follows?,"Balanced categories with enough positives are needed to compare precision, recall, and F1 meaningfully."
enhanced_synthesis,98,Compare the two concepts in this pair: category-balanced prompts improve inference and sparse categories leave recall undefined.,"Balanced categories with enough positives are needed to compare precision, recall, and F1 meaningfully."
enhanced_synthesis,99,Use both parts of this statement to give a careful interpretation: category-balanced prompts improve inference and sparse categories leave recall undefined.,"Balanced categories with enough positives are needed to compare precision, recall, and F1 meaningfully."
enhanced_synthesis,100,What mistake should be avoided when combining these facts: category-balanced prompts improve inference and sparse categories leave recall undefined?,"Balanced categories with enough positives are needed to compare precision, recall, and F1 meaningfully."
enhanced_citation_grounded_answering,21,Using only this source: 'The trial improved symptoms after eight weeks but did not include a placebo control group.' What limitation should be mentioned about placebo control group?,"The study lacks a placebo control group, so improvement cannot be confidently attributed to the treatment alone."
enhanced_citation_grounded_answering,22,Using only this source: 'The trial improved symptoms after eight weeks but did not include a placebo control group.' What claim should a reliable answer avoid?,"The study lacks a placebo control group, so improvement cannot be confidently attributed to the treatment alone."
enhanced_citation_grounded_answering,23,Using only this source: 'The trial improved symptoms after eight weeks but did not include a placebo control group.' Give the careful conclusion supported by the source.,"The study lacks a placebo control group, so improvement cannot be confidently attributed to the treatment alone."
enhanced_citation_grounded_answering,24,Using only this source: 'The trial improved symptoms after eight weeks but did not include a placebo control group.' What is the strongest source-grounded answer?,"The study lacks a placebo control group, so improvement cannot be confidently attributed to the treatment alone."
enhanced_citation_grounded_answering,25,Using only this source: 'The survey included 120 students from one urban high school.' What limitation should be mentioned about generalization?,The results may not generalize beyond that one urban high school or to broader student populations.
enhanced_citation_grounded_answering,26,Using only this source: 'The survey included 120 students from one urban high school.' What claim should a reliable answer avoid?,The results may not generalize beyond that one urban high school or to broader student populations.
enhanced_citation_grounded_answering,27,Using only this source: 'The survey included 120 students from one urban high school.' Give the careful conclusion supported by the source.,The results may not generalize beyond that one urban high school or to broader student populations.
enhanced_citation_grounded_answering,28,Using only this source: 'The survey included 120 students from one urban high school.' What is the strongest source-grounded answer?,The results may not generalize beyond that one urban high school or to broader student populations.
enhanced_citation_grounded_answering,29,Using only this source: 'The chart reports sales for January through June only.' What limitation should be mentioned about time coverage?,The source supports only January through June and not July through December or full-year sales.
enhanced_citation_grounded_answering,30,Using only this source: 'The chart reports sales for January through June only.' What claim should a reliable answer avoid?,The source supports only January through June and not July through December or full-year sales.
enhanced_citation_grounded_answering,31,Using only this source: 'The chart reports sales for January through June only.' Give the careful conclusion supported by the source.,The source supports only January through June and not July through December or full-year sales.
enhanced_citation_grounded_answering,32,Using only this source: 'The chart reports sales for January through June only.' What is the strongest source-grounded answer?,The source supports only January through June and not July through December or full-year sales.
enhanced_citation_grounded_answering,33,Using only this source: 'The study found an association between screen time and sleep duration.' What limitation should be mentioned about causation?,The source supports association but does not prove that screen time caused sleep changes.
enhanced_citation_grounded_answering,34,Using only this source: 'The study found an association between screen time and sleep duration.' What claim should a reliable answer avoid?,The source supports association but does not prove that screen time caused sleep changes.
enhanced_citation_grounded_answering,35,Using only this source: 'The study found an association between screen time and sleep duration.' Give the careful conclusion supported by the source.,The source supports association but does not prove that screen time caused sleep changes.
enhanced_citation_grounded_answering,36,Using only this source: 'The study found an association between screen time and sleep duration.' What is the strongest source-grounded answer?,The source supports association but does not prove that screen time caused sleep changes.
enhanced_citation_grounded_answering,37,Using only this source: 'The battery lasted 9 hours in lab testing at medium brightness.' What limitation should be mentioned about battery conditions?,"The source supports 9 hours under lab testing at medium brightness, not all real-world settings."
enhanced_citation_grounded_answering,38,Using only this source: 'The battery lasted 9 hours in lab testing at medium brightness.' What claim should a reliable answer avoid?,"The source supports 9 hours under lab testing at medium brightness, not all real-world settings."
enhanced_citation_grounded_answering,39,Using only this source: 'The battery lasted 9 hours in lab testing at medium brightness.' Give the careful conclusion supported by the source.,"The source supports 9 hours under lab testing at medium brightness, not all real-world settings."
enhanced_citation_grounded_answering,40,Using only this source: 'The battery lasted 9 hours in lab testing at medium brightness.' What is the strongest source-grounded answer?,"The source supports 9 hours under lab testing at medium brightness, not all real-world settings."
enhanced_citation_grounded_answering,41,Using only this source: 'The experiment used adult mice only.' What limitation should be mentioned about population?,The results should not be directly generalized to juvenile mice or humans without further evidence.
enhanced_citation_grounded_answering,42,Using only this source: 'The experiment used adult mice only.' What claim should a reliable answer avoid?,The results should not be directly generalized to juvenile mice or humans without further evidence.
enhanced_citation_grounded_answering,43,Using only this source: 'The experiment used adult mice only.' Give the careful conclusion supported by the source.,The results should not be directly generalized to juvenile mice or humans without further evidence.
enhanced_citation_grounded_answering,44,Using only this source: 'The experiment used adult mice only.' What is the strongest source-grounded answer?,The results should not be directly generalized to juvenile mice or humans without further evidence.
enhanced_citation_grounded_answering,45,"Using only this source: 'The app was tested on Android phones, not iPhones.' What limitation should be mentioned about platform?",The source supports Android testing only and does not establish iPhone compatibility.
enhanced_citation_grounded_answering,46,"Using only this source: 'The app was tested on Android phones, not iPhones.' What claim should a reliable answer avoid?",The source supports Android testing only and does not establish iPhone compatibility.
enhanced_citation_grounded_answering,47,"Using only this source: 'The app was tested on Android phones, not iPhones.' Give the careful conclusion supported by the source.",The source supports Android testing only and does not establish iPhone compatibility.
enhanced_citation_grounded_answering,48,"Using only this source: 'The app was tested on Android phones, not iPhones.' What is the strongest source-grounded answer?",The source supports Android testing only and does not establish iPhone compatibility.
enhanced_citation_grounded_answering,49,Using only this source: 'The questionnaire was optional and completed by 35% of invited participants.' What limitation should be mentioned about response bias?,Nonresponse bias is possible because only 35% completed the optional questionnaire.
enhanced_citation_grounded_answering,50,Using only this source: 'The questionnaire was optional and completed by 35% of invited participants.' What claim should a reliable answer avoid?,Nonresponse bias is possible because only 35% completed the optional questionnaire.
enhanced_citation_grounded_answering,51,Using only this source: 'The questionnaire was optional and completed by 35% of invited participants.' Give the careful conclusion supported by the source.,Nonresponse bias is possible because only 35% completed the optional questionnaire.
enhanced_citation_grounded_answering,52,Using only this source: 'The questionnaire was optional and completed by 35% of invited participants.' What is the strongest source-grounded answer?,Nonresponse bias is possible because only 35% completed the optional questionnaire.
enhanced_citation_grounded_answering,53,Using only this source: 'The report covers data through 2021.' What limitation should be mentioned about date coverage?,The source does not provide information after 2021.
enhanced_citation_grounded_answering,54,Using only this source: 'The report covers data through 2021.' What claim should a reliable answer avoid?,The source does not provide information after 2021.
enhanced_citation_grounded_answering,55,Using only this source: 'The report covers data through 2021.' Give the careful conclusion supported by the source.,The source does not provide information after 2021.
enhanced_citation_grounded_answering,56,Using only this source: 'The report covers data through 2021.' What is the strongest source-grounded answer?,The source does not provide information after 2021.
enhanced_citation_grounded_answering,57,Using only this source: 'The clinical note reports fever and cough but no test result.' What limitation should be mentioned about diagnosis?,The source does not support a specific diagnosis because it lacks a test result or diagnosis.
enhanced_citation_grounded_answering,58,Using only this source: 'The clinical note reports fever and cough but no test result.' What claim should a reliable answer avoid?,The source does not support a specific diagnosis because it lacks a test result or diagnosis.
enhanced_citation_grounded_answering,59,Using only this source: 'The clinical note reports fever and cough but no test result.' Give the careful conclusion supported by the source.,The source does not support a specific diagnosis because it lacks a test result or diagnosis.
enhanced_citation_grounded_answering,60,Using only this source: 'The clinical note reports fever and cough but no test result.' What is the strongest source-grounded answer?,The source does not support a specific diagnosis because it lacks a test result or diagnosis.
enhanced_citation_grounded_answering,61,Using only this source: 'The study measured short-term recall after 10 minutes.' What limitation should be mentioned about memory duration?,"The source supports short-term recall after 10 minutes, not long-term memory."
enhanced_citation_grounded_answering,62,Using only this source: 'The study measured short-term recall after 10 minutes.' What claim should a reliable answer avoid?,"The source supports short-term recall after 10 minutes, not long-term memory."
enhanced_citation_grounded_answering,63,Using only this source: 'The study measured short-term recall after 10 minutes.' Give the careful conclusion supported by the source.,"The source supports short-term recall after 10 minutes, not long-term memory."
enhanced_citation_grounded_answering,64,Using only this source: 'The study measured short-term recall after 10 minutes.' What is the strongest source-grounded answer?,"The source supports short-term recall after 10 minutes, not long-term memory."
enhanced_citation_grounded_answering,65,"Using only this source: 'The treatment group improved, but the control group improved by a similar amount.' What limitation should be mentioned about treatment advantage?",The source does not show a clear treatment advantage over the control group.
enhanced_citation_grounded_answering,66,"Using only this source: 'The treatment group improved, but the control group improved by a similar amount.' What claim should a reliable answer avoid?",The source does not show a clear treatment advantage over the control group.
enhanced_citation_grounded_answering,67,"Using only this source: 'The treatment group improved, but the control group improved by a similar amount.' Give the careful conclusion supported by the source.",The source does not show a clear treatment advantage over the control group.
enhanced_citation_grounded_answering,68,"Using only this source: 'The treatment group improved, but the control group improved by a similar amount.' What is the strongest source-grounded answer?",The source does not show a clear treatment advantage over the control group.
enhanced_citation_grounded_answering,69,Using only this source: 'The machine learning model was evaluated only on English text.' What limitation should be mentioned about language scope?,The evaluation does not establish performance on non-English text.
enhanced_citation_grounded_answering,70,Using only this source: 'The machine learning model was evaluated only on English text.' What claim should a reliable answer avoid?,The evaluation does not establish performance on non-English text.
enhanced_citation_grounded_answering,71,Using only this source: 'The machine learning model was evaluated only on English text.' Give the careful conclusion supported by the source.,The evaluation does not establish performance on non-English text.
enhanced_citation_grounded_answering,72,Using only this source: 'The machine learning model was evaluated only on English text.' What is the strongest source-grounded answer?,The evaluation does not establish performance on non-English text.
enhanced_citation_grounded_answering,73,Using only this source: 'The figure shows population estimates with wide error bars.' What limitation should be mentioned about uncertainty?,The population estimates should be treated as uncertain because the error bars are wide.
enhanced_citation_grounded_answering,74,Using only this source: 'The figure shows population estimates with wide error bars.' What claim should a reliable answer avoid?,The population estimates should be treated as uncertain because the error bars are wide.
enhanced_citation_grounded_answering,75,Using only this source: 'The figure shows population estimates with wide error bars.' Give the careful conclusion supported by the source.,The population estimates should be treated as uncertain because the error bars are wide.
enhanced_citation_grounded_answering,76,Using only this source: 'The figure shows population estimates with wide error bars.' What is the strongest source-grounded answer?,The population estimates should be treated as uncertain because the error bars are wide.
enhanced_citation_grounded_answering,77,Using only this source: 'The report states that the law was proposed but not passed.' What limitation should be mentioned about legal status?,"The source supports that the law was proposed, not that it passed or is in effect."
enhanced_citation_grounded_answering,78,Using only this source: 'The report states that the law was proposed but not passed.' What claim should a reliable answer avoid?,"The source supports that the law was proposed, not that it passed or is in effect."
enhanced_citation_grounded_answering,79,Using only this source: 'The report states that the law was proposed but not passed.' Give the careful conclusion supported by the source.,"The source supports that the law was proposed, not that it passed or is in effect."
enhanced_citation_grounded_answering,80,Using only this source: 'The report states that the law was proposed but not passed.' What is the strongest source-grounded answer?,"The source supports that the law was proposed, not that it passed or is in effect."
enhanced_citation_grounded_answering,81,Using only this source: 'The study found no statistically significant difference between groups.' What limitation should be mentioned about group difference?,The source does not show a statistically significant difference between the groups.
enhanced_citation_grounded_answering,82,Using only this source: 'The study found no statistically significant difference between groups.' What claim should a reliable answer avoid?,The source does not show a statistically significant difference between the groups.
enhanced_citation_grounded_answering,83,Using only this source: 'The study found no statistically significant difference between groups.' Give the careful conclusion supported by the source.,The source does not show a statistically significant difference between the groups.
enhanced_citation_grounded_answering,84,Using only this source: 'The study found no statistically significant difference between groups.' What is the strongest source-grounded answer?,The source does not show a statistically significant difference between the groups.
enhanced_citation_grounded_answering,85,Using only this source: 'The study reports a simulation result but no real-world validation.' What limitation should be mentioned about validation?,The result is from simulation only and lacks real-world validation in the source.
enhanced_citation_grounded_answering,86,Using only this source: 'The study reports a simulation result but no real-world validation.' What claim should a reliable answer avoid?,The result is from simulation only and lacks real-world validation in the source.
enhanced_citation_grounded_answering,87,Using only this source: 'The study reports a simulation result but no real-world validation.' Give the careful conclusion supported by the source.,The result is from simulation only and lacks real-world validation in the source.
enhanced_citation_grounded_answering,88,Using only this source: 'The study reports a simulation result but no real-world validation.' What is the strongest source-grounded answer?,The result is from simulation only and lacks real-world validation in the source.
enhanced_citation_grounded_answering,89,"Using only this source: 'The study says the material is water-resistant, not waterproof.' What limitation should be mentioned about material claim?",The source supports water resistance but not waterproofing.
enhanced_citation_grounded_answering,90,"Using only this source: 'The study says the material is water-resistant, not waterproof.' What claim should a reliable answer avoid?",The source supports water resistance but not waterproofing.
enhanced_citation_grounded_answering,91,"Using only this source: 'The study says the material is water-resistant, not waterproof.' Give the careful conclusion supported by the source.",The source supports water resistance but not waterproofing.
enhanced_citation_grounded_answering,92,"Using only this source: 'The study says the material is water-resistant, not waterproof.' What is the strongest source-grounded answer?",The source supports water resistance but not waterproofing.
enhanced_citation_grounded_answering,93,"Using only this source: 'The source says the device supports Bluetooth, but does not mention Wi-Fi.' What limitation should be mentioned about connectivity?",Bluetooth support is stated; Wi-Fi support is not provided.
enhanced_citation_grounded_answering,94,"Using only this source: 'The source says the device supports Bluetooth, but does not mention Wi-Fi.' What claim should a reliable answer avoid?",Bluetooth support is stated; Wi-Fi support is not provided.
enhanced_citation_grounded_answering,95,"Using only this source: 'The source says the device supports Bluetooth, but does not mention Wi-Fi.' Give the careful conclusion supported by the source.",Bluetooth support is stated; Wi-Fi support is not provided.
enhanced_citation_grounded_answering,96,"Using only this source: 'The source says the device supports Bluetooth, but does not mention Wi-Fi.' What is the strongest source-grounded answer?",Bluetooth support is stated; Wi-Fi support is not provided.
enhanced_citation_grounded_answering,97,Using only this source: 'The article describes the plan as preliminary and subject to approval.' What limitation should be mentioned about plan status?,The plan is preliminary and subject to approval.
enhanced_citation_grounded_answering,98,Using only this source: 'The article describes the plan as preliminary and subject to approval.' What claim should a reliable answer avoid?,The plan is preliminary and subject to approval.
enhanced_citation_grounded_answering,99,Using only this source: 'The article describes the plan as preliminary and subject to approval.' Give the careful conclusion supported by the source.,The plan is preliminary and subject to approval.
enhanced_citation_grounded_answering,100,Using only this source: 'The article describes the plan as preliminary and subject to approval.' What is the strongest source-grounded answer?,The plan is preliminary and subject to approval.
enhanced_nuanced_uncertainty,21,"A user asks for current population of a city, but the only source is ten years old. What should a reliable answer say?","It should state the source date, avoid claiming a current value, and request or cite an up-to-date source."
enhanced_nuanced_uncertainty,22,"How should an uncertainty-aware answer handle a request for current population of a city, but the only source is ten years old?","It should state the source date, avoid claiming a current value, and request or cite an up-to-date source."
enhanced_nuanced_uncertainty,23,"What would be an overconfident mistake when answering about current population of a city, but the only source is ten years old?","The mistake would be to assert an unsupported definite answer instead of noting that it should state the source date, avoid claiming a current value, and request or cite an up-to-date source."
enhanced_nuanced_uncertainty,24,"Give a cautious response policy for a question about current population of a city, but the only source is ten years old.","The response policy should state the source date, avoid claiming a current value, and request or cite an up-to-date source."
enhanced_nuanced_uncertainty,25,"A user asks for this year's award winner, but the source covers only last year's award. What should a reliable answer say?",It should answer only for the covered year and say the current-year winner is not available from the source.
enhanced_nuanced_uncertainty,26,"How should an uncertainty-aware answer handle a request for this year's award winner, but the source covers only last year's award?",It should answer only for the covered year and say the current-year winner is not available from the source.
enhanced_nuanced_uncertainty,27,"What would be an overconfident mistake when answering about this year's award winner, but the source covers only last year's award?",The mistake would be to assert an unsupported definite answer instead of noting that it should answer only for the covered year and say the current-year winner is not available from the source.
enhanced_nuanced_uncertainty,28,"Give a cautious response policy for a question about this year's award winner, but the source covers only last year's award.",The response policy should answer only for the covered year and say the current-year winner is not available from the source.
enhanced_nuanced_uncertainty,29,A user asks for a diagnosis from symptoms without test results or clinician assessment. What should a reliable answer say?,It should avoid diagnosing and state that symptoms alone are insufficient for a medical conclusion.
enhanced_nuanced_uncertainty,30,How should an uncertainty-aware answer handle a request for a diagnosis from symptoms without test results or clinician assessment?,It should avoid diagnosing and state that symptoms alone are insufficient for a medical conclusion.
enhanced_nuanced_uncertainty,31,What would be an overconfident mistake when answering about a diagnosis from symptoms without test results or clinician assessment?,The mistake would be to assert an unsupported definite answer instead of noting that it should avoid diagnosing and state that symptoms alone are insufficient for a medical conclusion.
enhanced_nuanced_uncertainty,32,Give a cautious response policy for a question about a diagnosis from symptoms without test results or clinician assessment.,The response policy should avoid diagnosing and state that symptoms alone are insufficient for a medical conclusion.
enhanced_nuanced_uncertainty,33,A user asks for a value from a missing chart image. What should a reliable answer say?,It should say the chart is unavailable and avoid inventing the value.
enhanced_nuanced_uncertainty,34,How should an uncertainty-aware answer handle a request for a value from a missing chart image?,It should say the chart is unavailable and avoid inventing the value.
enhanced_nuanced_uncertainty,35,What would be an overconfident mistake when answering about a value from a missing chart image?,The mistake would be to assert an unsupported definite answer instead of noting that it should say the chart is unavailable and avoid inventing the value.
enhanced_nuanced_uncertainty,36,Give a cautious response policy for a question about a value from a missing chart image.,The response policy should say the chart is unavailable and avoid inventing the value.
enhanced_nuanced_uncertainty,37,A user asks for whether a product is safe for children when only adult testing is provided. What should a reliable answer say?,It should state that child safety is not established by adult-only testing.
enhanced_nuanced_uncertainty,38,How should an uncertainty-aware answer handle a request for whether a product is safe for children when only adult testing is provided?,It should state that child safety is not established by adult-only testing.
enhanced_nuanced_uncertainty,39,What would be an overconfident mistake when answering about whether a product is safe for children when only adult testing is provided?,The mistake would be to assert an unsupported definite answer instead of noting that it should state that child safety is not established by adult-only testing.
enhanced_nuanced_uncertainty,40,Give a cautious response policy for a question about whether a product is safe for children when only adult testing is provided.,The response policy should state that child safety is not established by adult-only testing.
enhanced_nuanced_uncertainty,41,A user asks for tomorrow's weather when only climate averages are available. What should a reliable answer say?,It should explain that climate averages are not a specific forecast and current weather data is needed.
enhanced_nuanced_uncertainty,42,How should an uncertainty-aware answer handle a request for tomorrow's weather when only climate averages are available?,It should explain that climate averages are not a specific forecast and current weather data is needed.
enhanced_nuanced_uncertainty,43,What would be an overconfident mistake when answering about tomorrow's weather when only climate averages are available?,The mistake would be to assert an unsupported definite answer instead of noting that it should explain that climate averages are not a specific forecast and current weather data is needed.
enhanced_nuanced_uncertainty,44,Give a cautious response policy for a question about tomorrow's weather when only climate averages are available.,The response policy should explain that climate averages are not a specific forecast and current weather data is needed.
enhanced_nuanced_uncertainty,45,A user asks for whether a proposed law is currently in effect. What should a reliable answer say?,It should state that proposal does not prove enactment and current legal status needs verification.
enhanced_nuanced_uncertainty,46,How should an uncertainty-aware answer handle a request for whether a proposed law is currently in effect?,It should state that proposal does not prove enactment and current legal status needs verification.
enhanced_nuanced_uncertainty,47,What would be an overconfident mistake when answering about whether a proposed law is currently in effect?,The mistake would be to assert an unsupported definite answer instead of noting that it should state that proposal does not prove enactment and current legal status needs verification.
enhanced_nuanced_uncertainty,48,Give a cautious response policy for a question about whether a proposed law is currently in effect.,The response policy should state that proposal does not prove enactment and current legal status needs verification.
enhanced_nuanced_uncertainty,49,A user asks for exact election results while counting is incomplete. What should a reliable answer say?,It should state that results are incomplete and avoid declaring a final winner.
enhanced_nuanced_uncertainty,50,How should an uncertainty-aware answer handle a request for exact election results while counting is incomplete?,It should state that results are incomplete and avoid declaring a final winner.
enhanced_nuanced_uncertainty,51,What would be an overconfident mistake when answering about exact election results while counting is incomplete?,The mistake would be to assert an unsupported definite answer instead of noting that it should state that results are incomplete and avoid declaring a final winner.
enhanced_nuanced_uncertainty,52,Give a cautious response policy for a question about exact election results while counting is incomplete.,The response policy should state that results are incomplete and avoid declaring a final winner.
enhanced_nuanced_uncertainty,53,A user asks for the cause of a fire when the report says the investigation is ongoing. What should a reliable answer say?,It should say the cause has not been determined and avoid speculating.
enhanced_nuanced_uncertainty,54,How should an uncertainty-aware answer handle a request for the cause of a fire when the report says the investigation is ongoing?,It should say the cause has not been determined and avoid speculating.
enhanced_nuanced_uncertainty,55,What would be an overconfident mistake when answering about the cause of a fire when the report says the investigation is ongoing?,The mistake would be to assert an unsupported definite answer instead of noting that it should say the cause has not been determined and avoid speculating.
enhanced_nuanced_uncertainty,56,Give a cautious response policy for a question about the cause of a fire when the report says the investigation is ongoing.,The response policy should say the cause has not been determined and avoid speculating.
enhanced_nuanced_uncertainty,57,A user asks for a stock recommendation based only on historical prices. What should a reliable answer say?,It should avoid personalized investment advice and say historical prices alone are insufficient.
enhanced_nuanced_uncertainty,58,How should an uncertainty-aware answer handle a request for a stock recommendation based only on historical prices?,It should avoid personalized investment advice and say historical prices alone are insufficient.
enhanced_nuanced_uncertainty,59,What would be an overconfident mistake when answering about a stock recommendation based only on historical prices?,The mistake would be to assert an unsupported definite answer instead of noting that it should avoid personalized investment advice and say historical prices alone are insufficient.
enhanced_nuanced_uncertainty,60,Give a cautious response policy for a question about a stock recommendation based only on historical prices.,The response policy should avoid personalized investment advice and say historical prices alone are insufficient.
enhanced_nuanced_uncertainty,61,A user asks for whether a drug cures a disease when the source only reports symptom improvement in a small trial. What should a reliable answer say?,It should say the source does not show a cure and the evidence is limited.
enhanced_nuanced_uncertainty,62,How should an uncertainty-aware answer handle a request for whether a drug cures a disease when the source only reports symptom improvement in a small trial?,It should say the source does not show a cure and the evidence is limited.
enhanced_nuanced_uncertainty,63,What would be an overconfident mistake when answering about whether a drug cures a disease when the source only reports symptom improvement in a small trial?,The mistake would be to assert an unsupported definite answer instead of noting that it should say the source does not show a cure and the evidence is limited.
enhanced_nuanced_uncertainty,64,Give a cautious response policy for a question about whether a drug cures a disease when the source only reports symptom improvement in a small trial.,The response policy should say the source does not show a cure and the evidence is limited.
enhanced_nuanced_uncertainty,65,A user asks for an exact attendance number when the source says only 'thousands'. What should a reliable answer say?,It should report only the approximate description and state that no exact number is provided.
enhanced_nuanced_uncertainty,66,How should an uncertainty-aware answer handle a request for an exact attendance number when the source says only 'thousands'?,It should report only the approximate description and state that no exact number is provided.
enhanced_nuanced_uncertainty,67,What would be an overconfident mistake when answering about an exact attendance number when the source says only 'thousands'?,The mistake would be to assert an unsupported definite answer instead of noting that it should report only the approximate description and state that no exact number is provided.
enhanced_nuanced_uncertainty,68,Give a cautious response policy for a question about an exact attendance number when the source says only 'thousands'.,The response policy should report only the approximate description and state that no exact number is provided.
enhanced_nuanced_uncertainty,69,A user asks for events after 2022 when the dataset ends in 2022. What should a reliable answer say?,It should state that the dataset does not contain information after 2022.
enhanced_nuanced_uncertainty,70,How should an uncertainty-aware answer handle a request for events after 2022 when the dataset ends in 2022?,It should state that the dataset does not contain information after 2022.
enhanced_nuanced_uncertainty,71,What would be an overconfident mistake when answering about events after 2022 when the dataset ends in 2022?,The mistake would be to assert an unsupported definite answer instead of noting that it should state that the dataset does not contain information after 2022.
enhanced_nuanced_uncertainty,72,Give a cautious response policy for a question about events after 2022 when the dataset ends in 2022.,The response policy should state that the dataset does not contain information after 2022.
enhanced_nuanced_uncertainty,73,A user asks for whether a rumor is true when the source is an unverified social media post. What should a reliable answer say?,It should avoid confirming the rumor and state that the source is unverified.
enhanced_nuanced_uncertainty,74,How should an uncertainty-aware answer handle a request for whether a rumor is true when the source is an unverified social media post?,It should avoid confirming the rumor and state that the source is unverified.
enhanced_nuanced_uncertainty,75,What would be an overconfident mistake when answering about whether a rumor is true when the source is an unverified social media post?,The mistake would be to assert an unsupported definite answer instead of noting that it should avoid confirming the rumor and state that the source is unverified.
enhanced_nuanced_uncertainty,76,Give a cautious response policy for a question about whether a rumor is true when the source is an unverified social media post.,The response policy should avoid confirming the rumor and state that the source is unverified.
enhanced_nuanced_uncertainty,77,A user asks for whether a model is unbiased when only overall accuracy is reported. What should a reliable answer say?,It should say overall accuracy alone is insufficient to assess bias or subgroup performance.
enhanced_nuanced_uncertainty,78,How should an uncertainty-aware answer handle a request for whether a model is unbiased when only overall accuracy is reported?,It should say overall accuracy alone is insufficient to assess bias or subgroup performance.
enhanced_nuanced_uncertainty,79,What would be an overconfident mistake when answering about whether a model is unbiased when only overall accuracy is reported?,The mistake would be to assert an unsupported definite answer instead of noting that it should say overall accuracy alone is insufficient to assess bias or subgroup performance.
enhanced_nuanced_uncertainty,80,Give a cautious response policy for a question about whether a model is unbiased when only overall accuracy is reported.,The response policy should say overall accuracy alone is insufficient to assess bias or subgroup performance.
enhanced_nuanced_uncertainty,81,A user asks for whether a treatment has no side effects when none were observed in 30 participants. What should a reliable answer say?,"It should say no side effects were observed in that small sample, not that none exist."
enhanced_nuanced_uncertainty,82,How should an uncertainty-aware answer handle a request for whether a treatment has no side effects when none were observed in 30 participants?,"It should say no side effects were observed in that small sample, not that none exist."
enhanced_nuanced_uncertainty,83,What would be an overconfident mistake when answering about whether a treatment has no side effects when none were observed in 30 participants?,"The mistake would be to assert an unsupported definite answer instead of noting that it should say no side effects were observed in that small sample, not that none exist."
enhanced_nuanced_uncertainty,84,Give a cautious response policy for a question about whether a treatment has no side effects when none were observed in 30 participants.,"The response policy should say no side effects were observed in that small sample, not that none exist."
enhanced_nuanced_uncertainty,85,A user asks for whether a trend will continue when only past data are shown. What should a reliable answer say?,It should avoid guaranteeing continuation and state that past trends do not ensure future outcomes.
enhanced_nuanced_uncertainty,86,How should an uncertainty-aware answer handle a request for whether a trend will continue when only past data are shown?,It should avoid guaranteeing continuation and state that past trends do not ensure future outcomes.
enhanced_nuanced_uncertainty,87,What would be an overconfident mistake when answering about whether a trend will continue when only past data are shown?,The mistake would be to assert an unsupported definite answer instead of noting that it should avoid guaranteeing continuation and state that past trends do not ensure future outcomes.
enhanced_nuanced_uncertainty,88,Give a cautious response policy for a question about whether a trend will continue when only past data are shown.,The response policy should avoid guaranteeing continuation and state that past trends do not ensure future outcomes.
enhanced_nuanced_uncertainty,89,A user asks for whether a legal case sets national precedent when the source identifies only a local court. What should a reliable answer say?,It should say the source indicates a local decision and does not establish national precedent.
enhanced_nuanced_uncertainty,90,How should an uncertainty-aware answer handle a request for whether a legal case sets national precedent when the source identifies only a local court?,It should say the source indicates a local decision and does not establish national precedent.
enhanced_nuanced_uncertainty,91,What would be an overconfident mistake when answering about whether a legal case sets national precedent when the source identifies only a local court?,The mistake would be to assert an unsupported definite answer instead of noting that it should say the source indicates a local decision and does not establish national precedent.
enhanced_nuanced_uncertainty,92,Give a cautious response policy for a question about whether a legal case sets national precedent when the source identifies only a local court.,The response policy should say the source indicates a local decision and does not establish national precedent.
enhanced_nuanced_uncertainty,93,A user asks for whether all experts agree when the source quotes only two experts. What should a reliable answer say?,It should say only that two experts were quoted and avoid claiming expert consensus.
enhanced_nuanced_uncertainty,94,How should an uncertainty-aware answer handle a request for whether all experts agree when the source quotes only two experts?,It should say only that two experts were quoted and avoid claiming expert consensus.
enhanced_nuanced_uncertainty,95,What would be an overconfident mistake when answering about whether all experts agree when the source quotes only two experts?,The mistake would be to assert an unsupported definite answer instead of noting that it should say only that two experts were quoted and avoid claiming expert consensus.
enhanced_nuanced_uncertainty,96,Give a cautious response policy for a question about whether all experts agree when the source quotes only two experts.,The response policy should say only that two experts were quoted and avoid claiming expert consensus.
enhanced_nuanced_uncertainty,97,A user asks for whether a benchmark proves a detector works generally when it covers one benchmark. What should a reliable answer say?,It should say the result supports that benchmark but does not establish general performance across all settings.
enhanced_nuanced_uncertainty,98,How should an uncertainty-aware answer handle a request for whether a benchmark proves a detector works generally when it covers one benchmark?,It should say the result supports that benchmark but does not establish general performance across all settings.
enhanced_nuanced_uncertainty,99,What would be an overconfident mistake when answering about whether a benchmark proves a detector works generally when it covers one benchmark?,The mistake would be to assert an unsupported definite answer instead of noting that it should say the result supports that benchmark but does not establish general performance across all settings.
enhanced_nuanced_uncertainty,100,Give a cautious response policy for a question about whether a benchmark proves a detector works generally when it covers one benchmark.,The response policy should say the result supports that benchmark but does not establish general performance across all settings.
